model,ROC_AUC,ACC@0.5,F1@0.5,TPR@0.5,TNR@0.5,pred_rate@0.5,actual_rate,Brier
lgbm,0.9841711229946524,0.932,0.9028571428571428,0.9294117647058824,0.9333333333333333,0.36,0.34,0.05408317520506908
rf,0.9749019607843137,0.916,0.8839779005524862,0.9411764705882353,0.9030303030303031,0.384,0.34,0.05961572003205364
logistic,0.9454545454545453,0.832,0.7835051546391752,0.8941176470588236,0.8,0.436,0.34,0.10178991974173612
